duration,protocol_type,service,flag,src_bytes,dst_bytes,land,wrong_fragment,urgent,hot,num_failed_logins,logged_in,num_compromised,root_shell,su_attempted,num_root,num_file_creations,num_shells,num_access_files,num_outbound_cmds,is_hosts_login,is_guest_login,count,srv_count,serror_rate,srv_serror_rate,rerror_rate,srv_rerror_rate,same_srv_rate,diff_srv_rate,srv_diff_host_rate,dst_host_count,dist_host_srv_count,dst_host_diff_same_srv_rate,dst_host_diff_srv_rate,dst_host_same_srv_port_Rate,dst_host_srv_diff_host_rate,dst_host_serror_rate,dst_host_srv_serror_rate,dst_host_rerror_rate,dst_host_srv_rerror_rate,Type_of_Attack
0.0026,0,0.07,0,0.00116,0.00451,0,0,0,0.2,0,0.1,0,0,0,0,0.1,0,0.1,0,0,0.1,0.001,0.001,0,0,0,0,0.1,0,0,0.001,0.001,0.1,0,0.1,0,0,0,0,0,FTPWrite
0.0134,0,0.34,0,0.001,0.39445,0,0,0.2,0,0,0.1,0.1,0,0,0.1,0,0,0.1,0,0,0,0.001,0.001,0,0,0,0,0.1,0,0,0.002,0.001,0.05,0.1,0.05,0,0,0,0,0,FTPWrite
0,0,0.14,0,0.00613,0,0,0,0,0,0,0.1,0,0,0,0.1,0,0,0,0,0,0,0.001,0.002,0,0,0,0,0.1,0,0.1,0.001,0.084,0.1,0,0.1,0.002,0,0,0,0,FTPWrite
0,0,0.14,0,0,5.00E-05,0,0,0,0,0,0.1,0,0,0,0,0,0,0,0,0,0,0.001,0.001,0,0,0,0,0.1,0,0,0.002,0.085,0.1,0,0.1,0.002,0,0,0,0,FTPWrite
0.0032,0,0.07,0,0.00104,0.00449,0,0,0,0.2,0,0.1,0,0,0,0,0.1,0,0.1,0,0,0.1,0.001,0.001,0,0,0,0,0.1,0,0,0.001,0.001,0.1,0,0.1,0,0,0,0,0,FTPWrite
0.0067,0,0.34,0,0.00157,0.02703,0,0,0.1,0,0,0.1,0,0,0,0,0,0,0,0,0,0,0.001,0.001,0,0,0,0,0.1,0,0,0.002,0.001,0.05,0.1,0.05,0,0,0,0,0,FTPWrite
0,0,0.14,0,0.00676,0,0,0,0,0,0,0,0,0,0,0,0,0,0,0,0,0,0.001,0.001,0,0,0,0,0.1,0,0,0.001,0.004,0.1,0,0.1,0.05,0,0,0,0,FTPWrite
0,0,0.14,0,0,5.00E-05,0,0,0,0,0,0,0,0,0,0,0,0,0,0,0,0,0.001,0.001,0,0,0,0,0.1,0,0,0.002,0.005,0.1,0,0.1,0.04,0,0,0,0,FTPWrite
